{
  "wall_s": 2998.2120077,
  "global_step": 10500,
  "final_pred_mse": 2.001213579205796e-05,
  "final_sigreg": 0.0,
  "final_total_loss": 2.001213579205796e-05,
  "encoder_params": 22081536,
  "predictor_params": 10943232,
  "total_steps_planned": 10500,
  "warmup_steps": 700,
  "num_tokens": 2048
}