{
  "wall_s": 2764.5966940999497,
  "global_step": 10500,
  "final_pred_mse": 0.005399023182690144,
  "final_sigreg": 0.0,
  "final_total_loss": 0.005399023182690144,
  "encoder_params": 3756496,
  "predictor_params": 4870656,
  "total_steps_planned": 10500,
  "warmup_steps": 700,
  "num_tokens": 2048
}