{
  "wall_s": 2785.916054900008,
  "global_step": 10500,
  "final_pred_mse": 0.9615537524223328,
  "final_sigreg": 0.0,
  "final_total_loss": 0.9615537524223328,
  "encoder_params": 23457408,
  "predictor_params": 10943232,
  "total_steps_planned": 10500,
  "warmup_steps": 700,
  "num_tokens": 2048
}