{
  "wall_s": 2786.749074399937,
  "global_step": 10500,
  "final_pred_mse": 1.294935703277588,
  "final_sigreg": 0.0,
  "final_total_loss": 1.294935703277588,
  "encoder_params": 3752320,
  "predictor_params": 4870656,
  "total_steps_planned": 10500,
  "warmup_steps": 700,
  "num_tokens": 2048
}