{
  "wall_s": 2793.2570529000077,
  "global_step": 10500,
  "final_pred_mse": 0.019086893647909164,
  "final_sigreg": 0.01553836278617382,
  "final_total_loss": 0.02064073085784912,
  "encoder_params": 23457408,
  "predictor_params": 10943232,
  "total_steps_planned": 10500,
  "warmup_steps": 700,
  "num_tokens": 2048
}