{
  "wall_s": 2748.8308321000077,
  "global_step": 10500,
  "final_pred_mse": 0.14548082649707794,
  "final_sigreg": 0.07954676449298859,
  "final_total_loss": 0.1462762951850891,
  "encoder_params": 3750592,
  "predictor_params": 4870656,
  "total_steps_planned": 10500,
  "warmup_steps": 700,
  "num_tokens": 2048
}